1|||
2|||
3|||
4|||
5|||
6|||
7|||
8|||
9|||
10|||
11|||
12|||
13|||
14|9||
15|9||
16|15||
17|14||
18|15||
19|18||
20|14||
21|15||
22|21||
23|14||
24|15||
25|24||
26|14||
27|15||
28|27||
29|14||
30|15||
31|30||
32|14||
33|15||
34|33||
35|14||
36|15||
37|36||
38|14||
39|15||
40|39||
41|14||
42|14||
43|14||
44|14||
45|15||
46|45||
47|14||
48|15||
49|48||
50|14||
51|15||
52|51||
53|14||
54|15||
55|54||
56|14||
57|15||
58|57||
59|14||
60|15||
61|60||
62|14||
63|15||
64|63||
65|15||
66|65||
67|65|15|
68|67||
69|15||
70|69||
71|69|15|
72|71||
73|69|15|
74|73||
75|69|15|
76|75||
77|15||
78|77||
79|15||
80|79||
81|79|15|
82|81||
83|134|131|
84|134||
85|134|131|
86|134||
87|134|131|
88|87||
89|134|131|
90|89||
91|134|131|
92|91||
93|133|130|
94|134|131|
95|94||
96|133|130|
97|134|131|
98|97||
99|133|130|
100|134|131|
101|100||
102|133|130|
103|134|131|
104|103||
105|133|130|
106|134|131|
107|106||
108|133|130|
109|134|131|
110|109||
111|133|130|
112|134|131|
113|112||
114|133|130|
115|134|131|
116|115||
117|93|133|130
118|94|134|131
119|118||
120|134|131|
121|120||
122|134|131|
123|122||
124|||
125|124||
126|||
127|126||
128|134|131|
129|128||
130|9||
131|9||
132|131||
133|130||
134|131||
135|134||
136|130||
137|131||
138|137||
139|133|130|
140|134|131|
141|140||
142|133|130|
143|134|131|
144|143||
145|131||
146|145||
147|131||
148|147||
149|131||
150|149||
151|131||
152|151||
153|134|131|
154|153||
155|134|131|
156|155||
157|131||
158|157||
159|131||
160|159||
161|||
162|161||
163|||
164|163||
165|134|131|
166|165||
167|14||
168|167|14|
169|167|14|
170|167|14|
171|167|14|
172|||
173|||
174|||
175|||
176|||
177|||
178|||
179|||
180|||
